{
  "calibration": {
    "outcome_temperature": 1.161171,
    "scoreline_temperature": 1.070138
  },
  "created_at_utc": "2026-07-04T06:26:54Z",
  "feature_columns": [
    "elo_a",
    "elo_b",
    "elo_diff",
    "host_a",
    "host_b",
    "neutral",
    "global_goals_per_team",
    "a_goals_for_5",
    "a_goals_against_5",
    "a_points_5",
    "a_win_rate_5",
    "a_draw_rate_5",
    "b_goals_for_5",
    "b_goals_against_5",
    "b_points_5",
    "b_win_rate_5",
    "b_draw_rate_5",
    "a_goals_for_10",
    "a_goals_against_10",
    "a_points_10",
    "a_win_rate_10",
    "a_draw_rate_10",
    "b_goals_for_10",
    "b_goals_against_10",
    "b_points_10",
    "b_win_rate_10",
    "b_draw_rate_10",
    "a_attack_strength",
    "a_defense_weakness",
    "b_attack_strength",
    "b_defense_weakness",
    "is_world_cup",
    "is_qualifier",
    "is_friendly",
    "stage_group",
    "stage_r16",
    "stage_qf",
    "stage_sf",
    "stage_final",
    "year_norm"
  ],
  "feature_mean": [
    0.7567928433418274,
    0.755436897277832,
    0.0067795938812196255,
    0.02735252119600773,
    0.0,
    0.2535891532897949,
    0.556919515132904,
    0.4978342056274414,
    0.48560017347335815,
    0.4653128981590271,
    0.38869303464889526,
    0.22794479131698608,
    0.4908945560455322,
    0.49626868963241577,
    0.4591754376888275,
    0.38220345973968506,
    0.2283174991607666,
    0.4988253116607666,
    0.4883509874343872,
    0.4653705954551697,
    0.3888803720474243,
    0.22755572199821472,
    0.491340696811676,
    0.4995856285095215,
    0.4578584134578705,
    0.3811364471912384,
    0.22756733000278473,
    0.5355854034423828,
    0.5712010860443115,
    0.5287473797798157,
    0.5815082788467407,
    0.02161438763141632,
    0.3158467710018158,
    0.38511261343955994,
    0.02161438763141632,
    0.0,
    0.0,
    0.0,
    0.0,
    -0.17343898117542267
  ],
  "feature_std": [
    0.02874784730374813,
    0.027605298906564713,
    0.1767711043357849,
    0.16311028599739075,
    9.999999974752427e-07,
    0.43507009744644165,
    0.07568060606718063,
    0.29972043633461,
    0.32448479533195496,
    0.23836244642734528,
    0.2529861629009247,
    0.19446419179439545,
    0.29651251435279846,
    0.3402058482170105,
    0.23789167404174805,
    0.2522137463092804,
    0.19643278419971466,
    0.24805545806884766,
    0.289339154958725,
    0.19470687210559845,
    0.2024291753768921,
    0.14415143430233002,
    0.24650414288043976,
    0.3054635226726532,
    0.19558149576187134,
    0.20286643505096436,
    0.14451691508293152,
    0.19358624517917633,
    0.2549135684967041,
    0.19260093569755554,
    0.27343177795410156,
    0.14542244374752045,
    0.4648574888706207,
    0.4866274297237396,
    0.14542244374752045,
    9.999999974752427e-07,
    9.999999974752427e-07,
    9.999999974752427e-07,
    9.999999974752427e-07,
    0.48150748014450073
  ],
  "max_goals": 8,
  "model_id": "neural_scoreline_mlp",
  "model_params": {
    "dropout": 0.2,
    "hidden_dim": 192,
    "team_embedding_dim": 24
  },
  "model_version": "0.2.0",
  "scoring_config": null,
  "team_vocab": {
    "<UNK>": 0,
    "abkhazia": 1,
    "afghanistan": 2,
    "aland islands": 3,
    "albania": 4,
    "alderney": 5,
    "ambazonia": 6,
    "american samoa": 7,
    "andalusia": 8,
    "andorra": 9,
    "angola": 10,
    "anguilla": 11,
    "antigua and barbuda": 12,
    "arameans suryoye": 13,
    "armenia": 14,
    "artsakh": 15,
    "aruba": 16,
    "asturias": 17,
    "aymara": 18,
    "azerbaijan": 19,
    "bahamas": 20,
    "bahrain": 21,
    "bangladesh": 22,
    "barawa": 23,
    "barbados": 24,
    "basque country": 25,
    "belarus": 26,
    "belize": 27,
    "benin": 28,
    "bermuda": 29,
    "bhutan": 30,
    "biafra": 31,
    "bolivia": 32,
    "bonaire": 33,
    "botswana": 34,
    "british virgin islands": 35,
    "brittany": 36,
    "brunei": 37,
    "bulgaria": 38,
    "burkina faso": 39,
    "burundi": 40,
    "cambodia": 41,
    "cameroon": 42,
    "canary islands": 43,
    "cascadia": 44,
    "catalonia": 45,
    "cayman islands": 46,
    "central african republic": 47,
    "central spain": 48,
    "chad": 49,
    "chagos islands": 50,
    "chameria": 51,
    "chechnya": 52,
    "chile": 53,
    "china": 54,
    "cilento": 55,
    "comoros": 56,
    "congo": 57,
    "cook islands": 58,
    "corsica": 59,
    "costa rica": 60,
    "county of nice": 61,
    "crimea": 62,
    "cuba": 63,
    "cyprus": 64,
    "czechoslovakia": 65,
    "darfur": 66,
    "delvidek": 67,
    "denmark": 68,
    "djibouti": 69,
    "dominica": 70,
    "dominican republic": 71,
    "donetsk pr": 72,
    "east turkestan": 73,
    "el salvador": 74,
    "elba island": 75,
    "ellan vannin": 76,
    "equatorial guinea": 77,
    "eritrea": 78,
    "estonia": 79,
    "eswatini": 80,
    "ethiopia": 81,
    "falkland islands": 82,
    "faroe islands": 83,
    "felvidek": 84,
    "fiji": 85,
    "finland": 86,
    "fr ya": 87,
    "franconia": 88,
    "french guiana": 89,
    "gabon": 90,
    "gagauzia": 91,
    "galicia": 92,
    "gambia": 93,
    "georgia": 94,
    "german dr": 95,
    "gibraltar": 96,
    "gotland": 97,
    "gozo": 98,
    "greece": 99,
    "greenland": 100,
    "grenada": 101,
    "guadeloupe": 102,
    "guam": 103,
    "guatemala": 104,
    "guernsey": 105,
    "guinea": 106,
    "guinea bissau": 107,
    "guyana": 108,
    "hitra": 109,
    "hmong": 110,
    "honduras": 111,
    "hong kong": 112,
    "hungary": 113,
    "iceland": 114,
    "india": 115,
    "indonesia": 116,
    "iraqi kurdistan": 117,
    "isle of man": 118,
    "isle of wight": 119,
    "israel": 120,
    "italy": 121,
    "jamaica": 122,
    "jersey": 123,
    "kabylia": 124,
    "karpatalja": 125,
    "kazakhstan": 126,
    "kenya": 127,
    "kernow": 128,
    "kiribati": 129,
    "kosovo": 130,
    "kurdistan": 131,
    "kuwait": 132,
    "kyrgyzstan": 133,
    "laos": 134,
    "latvia": 135,
    "lebanon": 136,
    "lesotho": 137,
    "liberia": 138,
    "libya": 139,
    "liechtenstein": 140,
    "lithuania": 141,
    "luhansk pr": 142,
    "luxembourg": 143,
    "macau": 144,
    "madagascar": 145,
    "madrid": 146,
    "malawi": 147,
    "malaysia": 148,
    "maldives": 149,
    "mali": 150,
    "malta": 151,
    "manchukuo": 152,
    "mapuche": 153,
    "marshall islands": 154,
    "martinique": 155,
    "matabeleland": 156,
    "maule sur": 157,
    "mauritania": 158,
    "mauritius": 159,
    "mayotte": 160,
    "menorca": 161,
    "micronesia": 162,
    "moldova": 163,
    "monaco": 164,
    "mongolia": 165,
    "montenegro": 166,
    "montserrat": 167,
    "mozambique": 168,
    "myanmar": 169,
    "namibia": 170,
    "nepal": 171,
    "new caledonia": 172,
    "nicaragua": 173,
    "niger": 174,
    "nigeria": 175,
    "niue": 176,
    "north korea": 177,
    "north macedonia": 178,
    "north vietnam": 179,
    "northern cyprus": 180,
    "northern ireland": 181,
    "northern mariana islands": 182,
    "occitania": 183,
    "oman": 184,
    "orkney": 185,
    "padania": 186,
    "pakistan": 187,
    "palau": 188,
    "palestine": 189,
    "panjab": 190,
    "papua new guinea": 191,
    "parishes of jersey": 192,
    "peru": 193,
    "philippines": 194,
    "poland": 195,
    "provence": 196,
    "puerto rico": 197,
    "quebec": 198,
    "raetia": 199,
    "republic of ireland": 200,
    "republic of st pauli": 201,
    "reunion": 202,
    "rhodes": 203,
    "romani people": 204,
    "romania": 205,
    "russia": 206,
    "rwanda": 207,
    "ryukyu": 208,
    "saare county": 209,
    "saarland": 210,
    "saint barthelemy": 211,
    "saint helena": 212,
    "saint kitts and nevis": 213,
    "saint lucia": 214,
    "saint martin": 215,
    "saint pierre and miquelon": 216,
    "saint vincent and the grenadines": 217,
    "samoa": 218,
    "san marino": 219,
    "sao tome and principe": 220,
    "sapmi": 221,
    "sark": 222,
    "saugeais": 223,
    "sealand": 224,